{
  "北京市": [116.407526, 39.90403],
  "天津市": [117.200983, 39.084158],
  "河北省": [114.530235, 38.037433],
  "山西省": [112.562678, 37.873499],
  "内蒙古自治区": [111.76629, 40.81739],
  "辽宁省": [123.431475, 41.805698],
  "吉林省": [125.32568, 43.897016],
  "黑龙江省": [126.661665, 45.74208],
  "上海市": [121.473662, 31.230372],
  "江苏省": [118.762765, 32.060875],
  "浙江省": [120.152585, 30.266597],
  "安徽省": [117.329949, 31.733806],
  "福建省": [119.295143, 26.100779],
  "江西省": [115.81635, 28.63666],
  "山东省": [117.019915, 36.671156],
  "河南省": [113.753394, 34.765869],
  "湖北省": [114.341447, 30.546498],
  "湖南省": [112.98381, 28.112444],
  "广东省": [113.26641, 23.132324],
  "广西壮族自治区": [108.327546, 22.815478],
  "海南省": [110.33119, 20.031971],
  "重庆市": [106.550464, 29.563761],
  "四川省": [104.075809, 30.651239],
  "贵州省": [106.70546, 26.600055],
  "云南省": [102.710002, 25.045806],
  "西藏自治区": [91.117525, 29.647535],
  "陕西省": [108.954347, 34.265502],
  "甘肃省": [103.826447, 36.05956],
  "青海省": [101.780268, 36.620939],
  "宁夏回族自治区": [106.259126, 38.472641],
  "新疆维吾尔自治区": [87.627704, 43.793026],
  "台湾省": [121.509062, 25.044332],
  "香港特别行政区": [114.171203, 22.277468],
  "澳门特别行政区": [113.543028, 22.186835]
}
